"ОБЩЕСТВО С ОГРАНИЧЕННОЙ ОТВЕТСТВЕННОСТЬЮ ""СПЕЦРЕМСТРОЙ""",7721772905,misov.a@mail.ru,79169781319
"ОБЩЕСТВО С ОГРАНИЧЕННОЙ ОТВЕТСТВЕННОСТЬЮ ""ТРАНСЭНЕРГО""",5031033615,info@transenergo.org,78312789772
"ОБЩЕСТВО С ОГРАНИЧЕННОЙ ОТВЕТСТВЕННОСТЬЮ ""АКТИВПРОЕКТ""",3702541990,ap-iv@mail.ru,74932581323
"ОБЩЕСТВО С ОГРАНИЧЕННОЙ ОТВЕТСТВЕННОСТЬЮ ""ЭЛЕВЕЙТИНГ""",7721667234,office@elvlift.ru,74954191617
"ОБЩЕСТВО С ОГРАНИЧЕННОЙ ОТВЕТСТВЕННОСТЬЮ ""ХАЙТЕК ПРОЕКТ""",4401153065,spirit0@yandex.ru,79536424806
"АКЦИОНЕРНОЕ ОБЩЕСТВО НАУЧНО-ПРОИЗВОДСТВЕННОЕ ОБЪЕДИНЕНИЕ ""ТЕХКРАНЭНЕРГО""",3328401520,kadushkin-u@yandex.ru,74922471032
"ОБЩЕСТВО С ОГРАНИЧЕННОЙ ОТВЕТСТВЕННОСТЬЮ ""РЕГИОНПРОЕКТ""",5405421895,regionpro@bk.ru,79059525028
"ОБЩЕСТВО С ОГРАНИЧЕННОЙ ОТВЕТСТВЕННОСТЬЮ ""ЗОЛОТЫЕ ВОРОТА""",3308004490,zolotie33@mail.ru,79056138871
"ОБЩЕСТВО С ОГРАНИЧЕННОЙ ОТВЕТСТВЕННОСТЬЮ ""СТРОЙ ПЛЮС""",7116145953,stroiplus52@yandex.ru,79063483555
"ОБЩЕСТВО С ОГРАНИЧЕННОЙ ОТВЕТСТВЕННОСТЬЮ ""САНКТ-ПЕТЕРБУРГСКИЙ ЛИФТОВОЙ ЗАВОД""",7807343834,ok@lzspb.com,79119224594
"ОБЩЕСТВО С ОГРАНИЧЕННОЙ ОТВЕТСТВЕННОСТЬЮ ""ПРОЕКТ""",7610052877,t89611531826@gmail.com,79611531826
"ОБЩЕСТВО С ОГРАНИЧЕННОЙ ОТВЕТСТВЕННОСТЬЮ ""ГЕНПРОЕКТ""",3702112247,yatn2011@list.ru,7920671033
"ОБЩЕСТВО С ОГРАНИЧЕННОЙ ОТВЕТСТВЕННОСТЬЮ ""РСГ-ТРУД""",3702034479,Fedulov.fedor@yandex.ru,79158175555
"ОБЩЕСТВО С ОГРАНИЧЕННОЙ ОТВЕТСТВЕННОСТЬЮ ""РУССЛИФТ""",7810595729,russlift@mail.ru,88123039057
"ОБЩЕСТВО С ОГРАНИЧЕННОЙ ОТВЕТСТВЕННОСТЬЮ ""ОБЛРЕМСТРОЙ""",3305796537,oblremstroy33@mail.ru,79157666000
